matchNum,duration,timeStamp,mapName,modeName,t1_id,t1_name,t1_color,t1_score,t2_id,t2_name,t2_color,t2_score,playerName,playerType,playerTeamId,playerTimePlayed,playerOutcome,playerPlacement,playerTypeInt,playerScore,playerPersonalScore,playerRoundsWon,playerRoundsLost,playerRoundsTied,playerKills,playerDeaths,playerAssists,playerKDA,playerKDRatio,playerBetrayals,playerGrenadeKills,playerHeadshotKills,playerMeleeKills,playerPowerWeaponKills,playerShotsFired,playerShotsHit,playerAccuracy,playerDamageDealt,playerDamageTaken,playerCalloutAssists,playerVehicleDestroys,playerDriverAssists,playerHijacks,playerEmpAssists,playerMaxKillingSpree,rating,flagCaptureAssists,flagCaptures,flagCarriersKilled,flagGrabs,flagReturnersKilled,flagReturns,flagSecures,flagSteals,killsAsFlagCarrier,killsAsFlagReturner,timeAsFlagCarrier,killsAsSkullCarrier,longestTimeAsSkullCarrier,skullCarriersKilled,skullGrabs,timeAsSkullCarrier,skullScoringTicks
12,346.5227001,2021-12-30T01:51:58.109+00:00,Live Fire,Ranked:Slayer,0,Eagle,blue,34,1,Cobra,red,50,Falcated,Human,0,346.515,Loss,5,1,11,1350,0,1,0,11,13,5,-1,0.846153846,0,0,9,1,0,295,154,52.2,2922,3645,0,0,0,0,0,3,,,,,,,,,,,,,,,,,,
12,346.5227001,2021-12-30T01:51:58.109+00:00,Live Fire,Ranked:Slayer,0,Eagle,blue,34,1,Cobra,red,50,StelluR,Human,1,346.515,Win,3,1,11,1600,1,0,0,11,11,10,3,1,0,0,9,2,0,278,163,58.63,3448,3133,0,0,0,0,0,4,,,,,,,,,,,,,,,,,,
12,346.5227001,2021-12-30T01:51:58.109+00:00,Live Fire,Ranked:Slayer,0,Eagle,blue,34,1,Cobra,red,50,bubu dubu,Human,0,346.515,Loss,7,1,7,950,0,1,0,7,12,5,-4,0.583333333,0,0,5,2,0,228,145,63.59,2894,3627,0,0,0,0,0,2,,,,,,,,,,,,,,,,,,
12,346.5227001,2021-12-30T01:51:58.109+00:00,Live Fire,Ranked:Slayer,0,Eagle,blue,34,1,Cobra,red,50,Renegade JW,Human,1,346.515,Win,1,1,17,1850,1,0,0,17,4,3,14,4.25,0,0,12,2,2,268,128,47.76,3837,2284,0,0,0,0,0,9,,,,,,,,,,,,,,,,,,
12,346.5227001,2021-12-30T01:51:58.109+00:00,Live Fire,Ranked:Slayer,0,Eagle,blue,34,1,Cobra,red,50,The Eco Smith,Human,1,346.515,Win,2,1,16,1850,1,0,0,16,9,5,8,1.777777778,0,1,10,5,0,230,148,64.34,4297,2882,0,0,0,0,0,5,,,,,,,,,,,,,,,,,,
12,346.5227001,2021-12-30T01:51:58.109+00:00,Live Fire,Ranked:Slayer,0,Eagle,blue,34,1,Cobra,red,50,Snipedown4965,Human,0,346.515,Loss,7,1,7,950,0,1,0,7,11,5,-3,0.636363636,0,0,5,1,0,241,139,57.67,2422,3072,0,0,0,0,0,2,,,,,,,,,,,,,,,,,,
12,346.5227001,2021-12-30T01:51:58.109+00:00,Live Fire,Ranked:Slayer,0,Eagle,blue,34,1,Cobra,red,50,Bound,Human,0,346.515,Loss,6,1,9,1000,0,1,0,9,14,2,-5,0.642857143,0,0,5,3,1,180,117,65,2574,3497,0,0,0,0,0,3,,,,,,,,,,,,,,,,,,
12,346.5227001,2021-12-30T01:51:58.109+00:00,Live Fire,Ranked:Slayer,0,Eagle,blue,34,1,Cobra,red,50,Pznguin,Human,1,346.515,Win,4,1,6,900,1,0,0,6,10,6,-2,0.6,0,1,4,1,0,255,114,44.7,2097,2826,0,0,0,0,0,2,,,,,,,,,,,,,,,,,,
11,351.0333286,2021-12-30T01:45:07.787+00:00,Streets,Ranked:Slayer,0,Eagle,blue,50,1,Cobra,red,41,Falcated,Human,0,351.032,Win,2,1,13,1600,1,0,0,13,10,6,5,1.3,0,0,6,1,1,224,130,58.03,3554,3048,0,0,0,0,0,5,,,,,,,,,,,,,,,,,,
11,351.0333286,2021-12-30T01:45:07.787+00:00,Streets,Ranked:Slayer,0,Eagle,blue,50,1,Cobra,red,41,StelluR,Human,1,351.032,Loss,8,1,6,850,0,1,0,6,14,5,-7,0.428571429,0,1,3,2,0,282,134,47.51,2272,3823,0,0,0,0,0,2,,,,,,,,,,,,,,,,,,
11,351.0333286,2021-12-30T01:45:07.787+00:00,Streets,Ranked:Slayer,0,Eagle,blue,50,1,Cobra,red,41,bubu dubu,Human,0,351.032,Win,1,1,15,1900,1,0,0,15,9,8,8,1.666666667,0,1,8,2,0,262,158,60.3,3581,2855,0,0,0,0,0,5,,,,,,,,,,,,,,,,,,
11,351.0333286,2021-12-30T01:45:07.787+00:00,Streets,Ranked:Slayer,0,Eagle,blue,50,1,Cobra,red,41,Renegade JW,Human,1,351.032,Loss,7,1,8,1100,0,1,0,8,12,6,-2,0.666666667,0,1,6,1,0,263,139,52.85,2791,2945,0,0,0,0,0,2,,,,,,,,,,,,,,,,,,
11,351.0333286,2021-12-30T01:45:07.787+00:00,Streets,Ranked:Slayer,0,Eagle,blue,50,1,Cobra,red,41,The Eco Smith,Human,1,351.032,Loss,5,1,15,1800,0,1,0,15,10,6,7,1.5,0,1,12,2,0,291,201,69.07,3690,3257,0,0,0,0,0,6,,,,,,,,,,,,,,,,,,
11,351.0333286,2021-12-30T01:45:07.787+00:00,Streets,Ranked:Slayer,0,Eagle,blue,50,1,Cobra,red,41,Snipedown4965,Human,0,351.032,Win,3,1,11,1300,1,0,0,11,11,4,1,1,0,0,9,2,0,250,154,61.6,3031,2805,0,0,0,0,0,2,,,,,,,,,,,,,,,,,,
11,351.0333286,2021-12-30T01:45:07.787+00:00,Streets,Ranked:Slayer,0,Eagle,blue,50,1,Cobra,red,41,Bound,Human,0,351.032,Win,3,1,11,1400,1,0,0,11,11,6,2,1,0,1,6,2,1,268,159,59.32,3149,3331,0,0,0,0,0,3,,,,,,,,,,,,,,,,,,
11,351.0333286,2021-12-30T01:45:07.787+00:00,Streets,Ranked:Slayer,0,Eagle,blue,50,1,Cobra,red,41,Pznguin,Human,1,351.032,Loss,6,1,12,1250,0,1,0,12,14,1,-2,0.857142857,0,1,9,1,0,311,188,60.45,3099,3461,0,0,0,0,0,4,,,,,,,,,,,,,,,,,,
10,845.7382926,2021-12-30T01:36:19.33+00:00,Recharge,Ranked:Oddball,0,Eagle,blue,200,1,Cobra,red,118,Falcated,Human,0,838.172,Win,3,1,33,4000,2,0,0,31,18,12,17,1.722222222,0,1,20,7,2,635,338,53.22,7914,6043,0,0,0,0,0,8,,,,,,,,,,,,,0,00:14.1,2,0,0:00:38,33
10,845.7382926,2021-12-30T01:36:19.33+00:00,Recharge,Ranked:Oddball,0,Eagle,blue,200,1,Cobra,red,118,StelluR,Human,1,838.172,Loss,8,1,11,3105,0,2,0,25,25,10,3,1,0,0,19,5,1,713,332,46.56,6877,7220,0,0,0,0,0,4,,,,,,,,,,,,,0,00:05.4,1,1,00:13.9,11
10,845.7382926,2021-12-30T01:36:19.33+00:00,Recharge,Ranked:Oddball,0,Eagle,blue,200,1,Cobra,red,118,bubu dubu,Human,0,838.172,Win,1,1,104,3720,2,0,0,23,24,10,2,0.958333333,0,2,13,4,2,427,245,57.37,6434,6945,0,0,0,0,0,4,,,,,,,,,,,,,0,00:23.6,0,0,01:47.5,104
10,845.7382926,2021-12-30T01:36:19.33+00:00,Recharge,Ranked:Oddball,0,Eagle,blue,200,1,Cobra,red,118,Renegade JW,Human,1,838.172,Loss,6,1,36,2855,0,2,0,19,29,13,-6,0.655172414,0,1,10,5,1,539,306,56.77,6039,7829,0,0,0,0,0,2,,,,,,,,,,,,,0,00:18.4,1,1,00:38.9,36
10,845.7382926,2021-12-30T01:36:19.33+00:00,Recharge,Ranked:Oddball,0,Eagle,blue,200,1,Cobra,red,118,The Eco Smith,Human,1,838.172,Loss,7,1,29,3430,0,2,0,24,26,15,3,0.923076923,0,2,14,8,0,636,331,52.04,7154,7278,0,0,0,0,0,5,,,,,,,,,,,,,0,00:21.9,0,0,00:31.2,29
10,845.7382926,2021-12-30T01:36:19.33+00:00,Recharge,Ranked:Oddball,0,Eagle,blue,200,1,Cobra,red,118,Snipedown4965,Human,0,838.172,Win,4,1,29,2980,2,0,0,20,25,15,0,0.8,0,1,14,2,1,593,359,60.53,6352,6968,0,0,0,0,0,3,,,,,,,,,,,,,0,00:14.7,0,0,00:30.2,29
10,845.7382926,2021-12-30T01:36:19.33+00:00,Recharge,Ranked:Oddball,0,Eagle,blue,200,1,Cobra,red,118,Bound,Human,0,838.172,Win,2,1,34,4125,2,0,0,33,24,11,12,1.375,0,1,23,8,0,606,378,62.37,8470,6752,0,0,0,0,0,8,,,,,,,,,,,,,0,00:10.1,1,0,00:37.1,34
10,845.7382926,2021-12-30T01:36:19.33+00:00,Recharge,Ranked:Oddball,0,Eagle,blue,200,1,Cobra,red,118,Pznguin,Human,1,838.172,Loss,5,1,42,3120,0,2,0,23,27,11,-1,0.851851852,0,1,18,1,0,613,347,56.6,6460,7280,0,0,0,0,0,4,,,,,,,,,,,,,0,00:11.2,0,1,00:48.6,42
9,262.3660538,2021-12-30T01:16:16.334+00:00,Bazaar,Ranked:CTF,0,Eagle,blue,2,1,Cobra,red,0,Falcated,Human,0,262.359,Win,1,1,1,1430,1,0,0,9,6,4,4,1.5,0,0,7,2,0,217,118,54.37,2081,1899,0,0,0,0,0,4,,0,1,0,10,0,0,5,0,0,0,00:26.2,,,,,,
9,262.3660538,2021-12-30T01:16:16.334+00:00,Bazaar,Ranked:CTF,0,Eagle,blue,2,1,Cobra,red,0,StelluR,Human,1,262.359,Loss,4,1,0,650,0,1,0,4,5,5,0,0.8,0,0,2,0,2,173,90,52.02,1909,2122,0,0,0,0,0,3,,0,0,0,0,0,0,0,0,0,0,0:00:00,,,,,,
9,262.3660538,2021-12-30T01:16:16.334+00:00,Bazaar,Ranked:CTF,0,Eagle,blue,2,1,Cobra,red,0,bubu dubu,Human,0,262.359,Win,1,1,1,1205,1,0,0,5,5,4,1,1,0,0,5,0,0,180,113,62.77,1772,1768,0,0,0,0,0,4,,1,1,0,10,0,1,4,2,0,0,00:27.2,,,,,,
9,262.3660538,2021-12-30T01:16:16.334+00:00,Bazaar,Ranked:CTF,0,Eagle,blue,2,1,Cobra,red,0,Renegade JW,Human,1,262.359,Loss,4,1,0,860,0,1,0,8,10,1,-2,0.8,0,0,5,1,0,182,105,57.69,1879,2388,0,0,0,0,0,3,,0,0,0,1,0,0,1,0,0,1,00:00.3,,,,,,
9,262.3660538,2021-12-30T01:16:16.334+00:00,Bazaar,Ranked:CTF,0,Eagle,blue,2,1,Cobra,red,0,The Eco Smith,Human,1,262.359,Loss,4,1,0,1075,0,1,0,10,8,1,2,1.25,0,1,4,3,0,179,100,55.86,1976,1988,0,0,0,0,0,2,,0,0,0,1,0,0,1,1,0,0,00:00.7,,,,,,
9,262.3660538,2021-12-30T01:16:16.334+00:00,Bazaar,Ranked:CTF,0,Eagle,blue,2,1,Cobra,red,0,Snipedown4965,Human,0,262.359,Win,3,1,0,875,1,0,0,5,7,5,-1,0.714285714,0,0,5,0,0,230,120,52.17,1873,2198,0,0,0,0,0,2,,1,0,0,1,0,0,1,1,0,0,00:05.1,,,,,,
9,262.3660538,2021-12-30T01:16:16.334+00:00,Bazaar,Ranked:CTF,0,Eagle,blue,2,1,Cobra,red,0,Bound,Human,0,259.9785035,DidNotFinish,8,1,0,1160,0,0,0,9,6,3,4,1.5,0,1,7,0,1,190,107,56.31,2401,1709,0,0,0,0,0,5,,1,0,0,2,0,0,1,0,0,0,00:01.1,,,,,,
9,262.3660538,2021-12-30T01:16:16.334+00:00,Bazaar,Ranked:CTF,0,Eagle,blue,2,1,Cobra,red,0,Pznguin,Human,1,262.359,Loss,4,1,0,345,0,1,0,2,5,2,-3,0.4,0,0,2,0,0,161,95,59,1524,1659,0,0,0,0,0,2,,0,0,0,16,0,0,4,1,0,0,00:25.9,,,,,,
8,328.5428063,2021-12-30T01:10:24.648+00:00,Live Fire,Ranked:Strongholds,0,Eagle,blue,46,1,Cobra,red,250,Falcated,Human,0,328.515,Loss,5,1,0,650,0,1,0,5,13,1,-8,0.384615385,0,0,4,1,0,191,106,55.49,1631,3231,0,0,0,0,0,3,,,,,,,,,,,,,,,,,,
8,328.5428063,2021-12-30T01:10:24.648+00:00,Live Fire,Ranked:Strongholds,0,Eagle,blue,46,1,Cobra,red,250,StelluR,Human,1,328.515,Win,1,1,0,1475,1,0,0,12,7,3,6,1.714285714,0,1,7,3,0,256,96,37.5,2768,2133,0,0,0,0,0,5,,,,,,,,,,,,,,,,,,
8,328.5428063,2021-12-30T01:10:24.648+00:00,Live Fire,Ranked:Strongholds,0,Eagle,blue,46,1,Cobra,red,250,bubu dubu,Human,0,328.515,Loss,5,1,0,1300,0,1,0,8,11,4,-2,0.727272727,0,2,4,2,0,212,143,67.45,2474,2930,0,0,0,0,0,2,,,,,,,,,,,,,,,,,,
8,328.5428063,2021-12-30T01:10:24.648+00:00,Live Fire,Ranked:Strongholds,0,Eagle,blue,46,1,Cobra,red,250,Renegade JW,Human,1,328.515,Win,1,1,0,1650,1,0,0,11,6,7,7,1.833333333,0,1,5,1,1,453,134,29.58,3246,2435,0,0,0,0,0,4,,,,,,,,,,,,,,,,,,
8,328.5428063,2021-12-30T01:10:24.648+00:00,Live Fire,Ranked:Strongholds,0,Eagle,blue,46,1,Cobra,red,250,The Eco Smith,Human,1,328.515,Win,1,1,0,2075,1,0,0,15,4,4,12,3.75,0,1,13,1,2,218,126,57.79,3130,1814,0,0,0,0,0,8,,,,,,,,,,,,,,,,,,
8,328.5428063,2021-12-30T01:10:24.648+00:00,Live Fire,Ranked:Strongholds,0,Eagle,blue,46,1,Cobra,red,250,Snipedown4965,Human,0,328.515,Loss,5,1,0,725,0,1,0,5,12,3,-6,0.416666667,0,0,5,0,1,174,89,51.14,2075,2891,0,0,0,0,0,2,,,,,,,,,,,,,,,,,,
8,328.5428063,2021-12-30T01:10:24.648+00:00,Live Fire,Ranked:Strongholds,0,Eagle,blue,46,1,Cobra,red,250,Bound,Human,0,328.515,Loss,5,1,0,1050,0,1,0,7,11,5,-3,0.636363636,0,1,5,1,0,192,108,56.25,2066,2686,0,0,0,0,0,2,,,,,,,,,,,,,,,,,,
8,328.5428063,2021-12-30T01:10:24.648+00:00,Live Fire,Ranked:Strongholds,0,Eagle,blue,46,1,Cobra,red,250,Pznguin,Human,1,328.515,Win,1,1,0,1450,1,0,0,9,8,7,3,1.125,0,0,8,0,0,249,130,52.2,2544,2012,0,0,0,0,0,2,,,,,,,,,,,,,,,,,,
7,397.2012471,2021-12-30T01:02:19.074+00:00,Aquarius,Ranked:Slayer,0,Eagle,blue,50,1,Cobra,red,38,Falcated,Human,0,397.187,Win,1,1,18,2050,1,0,0,18,7,5,12,2.571428571,0,1,14,3,0,337,191,56.67,4084,2980,0,0,0,0,0,11,,,,,,,,,,,,,,,,,,
7,397.2012471,2021-12-30T01:02:19.074+00:00,Aquarius,Ranked:Slayer,0,Eagle,blue,50,1,Cobra,red,38,StelluR,Human,1,397.187,Loss,5,1,14,1500,0,1,0,14,12,2,2,1.166666667,0,0,9,3,0,344,176,51.16,3223,3738,0,0,0,0,0,5,,,,,,,,,,,,,,,,,,
7,397.2012471,2021-12-30T01:02:19.074+00:00,Aquarius,Ranked:Slayer,0,Eagle,blue,50,1,Cobra,red,38,bubu dubu,Human,0,397.187,Win,3,1,10,1350,1,0,0,10,12,7,0,0.833333333,0,1,7,2,0,399,198,49.62,3625,3868,0,0,0,0,0,3,,,,,,,,,,,,,,,,,,
7,397.2012471,2021-12-30T01:02:19.074+00:00,Aquarius,Ranked:Slayer,0,Eagle,blue,50,1,Cobra,red,38,Renegade JW,Human,1,397.187,Loss,6,1,13,1650,0,1,0,13,11,7,4,1.181818182,0,0,8,1,0,249,153,61.44,3679,3375,0,0,0,0,0,6,,,,,,,,,,,,,,,,,,
7,397.2012471,2021-12-30T01:02:19.074+00:00,Aquarius,Ranked:Slayer,0,Eagle,blue,50,1,Cobra,red,38,The Eco Smith,Human,1,397.187,Loss,7,1,6,950,0,1,0,6,14,7,-6,0.428571429,0,0,4,2,0,349,193,55.3,3291,3685,0,0,0,0,0,3,,,,,,,,,,,,,,,,,,
7,397.2012471,2021-12-30T01:02:19.074+00:00,Aquarius,Ranked:Slayer,0,Eagle,blue,50,1,Cobra,red,38,Snipedown4965,Human,0,397.187,Win,4,1,8,1150,1,0,0,8,11,7,-1,0.727272727,0,1,5,2,0,226,151,66.81,3092,3210,0,0,0,0,0,3,,,,,,,,,,,,,,,,,,
7,397.2012471,2021-12-30T01:02:19.074+00:00,Aquarius,Ranked:Slayer,0,Eagle,blue,50,1,Cobra,red,38,Bound,Human,0,397.187,Win,2,1,14,1750,1,0,0,14,8,7,8,1.75,0,2,7,3,0,314,196,62.42,3364,3018,0,0,0,0,0,7,,,,,,,,,,,,,,,,,,
7,397.2012471,2021-12-30T01:02:19.074+00:00,Aquarius,Ranked:Slayer,0,Eagle,blue,50,1,Cobra,red,38,Pznguin,Human,1,397.187,Loss,8,1,5,850,0,1,0,5,13,7,-6,0.384615385,0,0,3,2,0,290,145,50,2688,3367,0,0,0,0,0,2,,,,,,,,,,,,,,,,,,
6,733.0293007,2021-12-30T00:54:27.247+00:00,Streets,Ranked:Oddball,0,Eagle,blue,135,1,Cobra,red,200,Falcated,Human,0,725.438,Loss,8,1,4,2360,0,2,0,21,22,5,0,0.954545455,0,2,13,2,0,578,340,58.82,5583,6238,0,0,0,0,0,3,,,,,,,,,,,,,0,00:02.7,0,0,00:05.9,4
6,733.0293007,2021-12-30T00:54:27.247+00:00,Streets,Ranked:Oddball,0,Eagle,blue,135,1,Cobra,red,200,StelluR,Human,1,725.438,Win,2,1,39,3280,2,0,0,27,21,6,8,1.285714286,0,1,16,5,3,563,308,54.7,7071,5676,0,0,0,0,0,3,,,,,,,,,,,,,0,00:16.6,0,1,00:41.8,39
6,733.0293007,2021-12-30T00:54:27.247+00:00,Streets,Ranked:Oddball,0,Eagle,blue,135,1,Cobra,red,200,bubu dubu,Human,0,725.438,Loss,5,1,79,3045,0,2,0,16,20,13,0,0.8,0,1,10,2,0,436,261,59.86,5135,5980,0,0,0,0,0,7,,,,,,,,,,,,,0,00:16.3,1,0,01:26.1,79
6,733.0293007,2021-12-30T00:54:27.247+00:00,Streets,Ranked:Oddball,0,Eagle,blue,135,1,Cobra,red,200,Renegade JW,Human,1,725.438,Win,2,1,39,3005,2,0,0,19,19,14,4,1,0,0,15,1,2,413,278,67.31,6324,5699,0,0,0,0,0,3,,,,,,,,,,,,,0,0:00:18,1,0,00:40.9,39
6,733.0293007,2021-12-30T00:54:27.247+00:00,Streets,Ranked:Oddball,0,Eagle,blue,135,1,Cobra,red,200,The Eco Smith,Human,1,725.438,Win,1,1,86,3120,2,0,0,19,19,9,3,1,0,1,11,4,2,444,292,65.76,5539,5432,0,0,0,0,0,4,,,,,,,,,,,,,0,00:27.3,0,1,01:30.8,86
6,733.0293007,2021-12-30T00:54:27.247+00:00,Streets,Ranked:Oddball,0,Eagle,blue,135,1,Cobra,red,200,Snipedown4965,Human,0,725.438,Loss,7,1,14,2570,0,2,0,21,18,7,5,1.166666667,0,0,15,4,1,476,312,65.54,5989,5952,0,0,0,0,0,4,,,,,,,,,,,,,0,00:10.7,0,0,00:16.9,14
6,733.0293007,2021-12-30T00:54:27.247+00:00,Streets,Ranked:Oddball,0,Eagle,blue,135,1,Cobra,red,200,Bound,Human,0,725.438,Loss,6,1,38,2730,0,2,0,20,23,7,-1,0.869565217,0,1,10,5,1,444,267,60.13,5056,6200,0,0,0,0,0,3,,,,,,,,,,,,,0,00:15.6,0,0,00:42.3,38
6,733.0293007,2021-12-30T00:54:27.247+00:00,Streets,Ranked:Oddball,0,Eagle,blue,135,1,Cobra,red,200,Pznguin,Human,1,725.438,Win,4,1,36,2550,2,0,0,18,19,10,2,0.947368421,0,3,7,4,2,432,239,55.32,5299,5480,0,0,0,0,0,2,,,,,,,,,,,,,1,00:07.7,0,0,00:41.2,36
5,444.348721,2021-12-30T00:40:03.919+00:00,Recharge,Ranked:Strongholds,0,Eagle,blue,182,1,Cobra,red,250,Falcated,Human,0,444.328,Loss,5,1,0,2450,0,1,0,18,10,6,10,1.8,0,0,13,4,0,284,175,61.61,4408,3571,0,0,0,0,0,6,,,,,,,,,,,,,,,,,,
5,444.348721,2021-12-30T00:40:03.919+00:00,Recharge,Ranked:Strongholds,0,Eagle,blue,182,1,Cobra,red,250,StelluR,Human,1,444.328,Win,1,1,0,1725,1,0,0,13,12,6,3,1.083333333,0,0,9,4,0,326,192,58.89,3917,3795,0,0,0,0,0,2,,,,,,,,,,,,,,,,,,
5,444.348721,2021-12-30T00:40:03.919+00:00,Recharge,Ranked:Strongholds,0,Eagle,blue,182,1,Cobra,red,250,bubu dubu,Human,0,444.328,Loss,5,1,0,1450,0,1,0,9,14,5,-4,0.642857143,0,0,5,3,0,292,142,48.63,2819,3842,0,0,0,0,0,2,,,,,,,,,,,,,,,,,,
5,444.348721,2021-12-30T00:40:03.919+00:00,Recharge,Ranked:Strongholds,0,Eagle,blue,182,1,Cobra,red,250,Renegade JW,Human,1,444.328,Win,1,1,0,2350,1,0,0,19,10,5,10,1.9,0,1,13,4,1,301,182,60.46,3854,3125,0,0,0,0,0,4,,,,,,,,,,,,,,,,,,
5,444.348721,2021-12-30T00:40:03.919+00:00,Recharge,Ranked:Strongholds,0,Eagle,blue,182,1,Cobra,red,250,The Eco Smith,Human,1,444.328,Win,1,1,0,1950,1,0,0,13,13,7,2,1,0,3,7,3,0,337,220,65.28,4074,3889,0,0,0,0,0,5,,,,,,,,,,,,,,,,,,
5,444.348721,2021-12-30T00:40:03.919+00:00,Recharge,Ranked:Strongholds,0,Eagle,blue,182,1,Cobra,red,250,Snipedown4965,Human,0,444.328,Loss,5,1,0,1025,0,1,0,7,16,3,-8,0.4375,0,0,4,2,0,233,111,47.63,2360,3845,0,0,0,0,0,1,,,,,,,,,,,,,,,,,,
5,444.348721,2021-12-30T00:40:03.919+00:00,Recharge,Ranked:Strongholds,0,Eagle,blue,182,1,Cobra,red,250,Bound,Human,0,444.328,Loss,5,1,0,1600,0,1,0,12,15,6,-1,0.8,0,0,7,5,0,339,183,53.98,4064,3638,0,0,0,0,0,2,,,,,,,,,,,,,,,,,,
5,444.348721,2021-12-30T00:40:03.919+00:00,Recharge,Ranked:Strongholds,0,Eagle,blue,182,1,Cobra,red,250,Pznguin,Human,1,444.328,Win,1,1,0,1650,1,0,0,10,12,10,1,0.833333333,0,0,7,2,0,382,202,52.87,2997,3329,0,0,0,0,0,2,,,,,,,,,,,,,,,,,,
4,468.1889501,2021-12-30T00:26:51.734+00:00,Bazaar,Ranked:Slayer,0,Eagle,blue,45,1,Cobra,red,50,Falcated,Human,0,468.171,Loss,5,1,15,1600,0,1,0,15,9,2,6,1.666666667,0,2,3,4,0,386,184,47.66,3717,3500,0,0,0,0,0,9,,,,,,,,,,,,,,,,,,
4,468.1889501,2021-12-30T00:26:51.734+00:00,Bazaar,Ranked:Slayer,0,Eagle,blue,45,1,Cobra,red,50,StelluR,Human,1,468.171,Win,1,1,13,1700,1,0,0,13,8,8,7,1.625,0,0,9,1,2,467,256,54.81,4429,3085,0,0,0,0,0,5,,,,,,,,,,,,,,,,,,
4,468.1889501,2021-12-30T00:26:51.734+00:00,Bazaar,Ranked:Slayer,0,Eagle,blue,45,1,Cobra,red,50,bubu dubu,Human,0,468.171,Loss,8,1,8,1050,0,1,0,8,16,5,-7,0.5,0,1,4,2,1,361,197,54.57,3665,4666,0,0,0,0,0,2,,,,,,,,,,,,,,,,,,
4,468.1889501,2021-12-30T00:26:51.734+00:00,Bazaar,Ranked:Slayer,0,Eagle,blue,45,1,Cobra,red,50,Renegade JW,Human,1,468.171,Win,1,1,13,1750,1,0,0,13,12,9,4,1.083333333,0,1,8,3,0,353,192,54.39,4194,4057,0,0,0,0,0,5,,,,,,,,,,,,,,,,,,
4,468.1889501,2021-12-30T00:26:51.734+00:00,Bazaar,Ranked:Slayer,0,Eagle,blue,45,1,Cobra,red,50,The Eco Smith,Human,1,468.171,Win,3,1,12,1400,1,0,0,12,11,4,2,1.090909091,0,3,3,5,0,396,240,60.6,4256,3519,0,0,0,0,0,3,,,,,,,,,,,,,,,,,,
4,468.1889501,2021-12-30T00:26:51.734+00:00,Bazaar,Ranked:Slayer,0,Eagle,blue,45,1,Cobra,red,50,Snipedown4965,Human,0,468.171,Loss,7,1,9,1150,0,1,0,9,13,5,-3,0.692307692,0,0,6,2,0,313,167,53.35,3384,3814,0,0,0,0,0,3,,,,,,,,,,,,,,,,,,
4,468.1889501,2021-12-30T00:26:51.734+00:00,Bazaar,Ranked:Slayer,0,Eagle,blue,45,1,Cobra,red,50,Bound,Human,0,468.171,Loss,6,1,13,1450,0,1,0,13,12,3,2,1.083333333,0,0,7,5,0,303,176,58.08,3895,4319,0,0,0,0,0,3,,,,,,,,,,,,,,,,,,
4,468.1889501,2021-12-30T00:26:51.734+00:00,Bazaar,Ranked:Slayer,0,Eagle,blue,45,1,Cobra,red,50,Pznguin,Human,1,468.171,Win,3,1,12,1450,1,0,0,12,14,5,-1,0.857142857,0,1,8,2,0,303,143,47.19,3355,4021,0,0,0,0,0,4,,,,,,,,,,,,,,,,,,
3,491.6970422,2021-12-30T00:15:44.012+00:00,Live Fire,Ranked:Oddball,0,Eagle,blue,84,1,Cobra,red,97,Falcated,Human,0,491.688,Loss,7,1,1,1835,0,1,0,15,14,6,3,1.071428571,0,1,12,0,0,421,213,50.59,4483,3972,0,0,0,0,0,4,,,,,,,,,,,,,0,00:01.4,1,0,00:01.4,1
3,491.6970422,2021-12-30T00:15:44.012+00:00,Live Fire,Ranked:Oddball,0,Eagle,blue,84,1,Cobra,red,97,StelluR,Human,1,491.688,Win,4,1,8,2395,1,0,0,21,12,5,10,1.75,0,0,12,3,1,392,232,59.18,4589,3447,0,0,0,0,0,5,,,,,,,,,,,,,0,00:04.8,1,0,00:09.4,8
3,491.6970422,2021-12-30T00:15:44.012+00:00,Live Fire,Ranked:Oddball,0,Eagle,blue,84,1,Cobra,red,97,bubu dubu,Human,0,491.688,Loss,6,1,24,2090,0,1,0,18,15,2,3,1.2,0,3,12,2,2,312,190,60.89,3711,4445,0,0,0,0,0,7,,,,,,,,,,,,,1,00:12.1,0,1,00:25.6,24
3,491.6970422,2021-12-30T00:15:44.012+00:00,Live Fire,Ranked:Oddball,0,Eagle,blue,84,1,Cobra,red,97,Renegade JW,Human,1,491.688,Win,3,1,18,2385,1,0,0,19,16,8,5,1.1875,1,3,10,4,2,402,225,55.97,5122,4102,0,0,0,0,0,3,,,,,,,,,,,,,0,00:13.9,1,0,00:19.3,18
3,491.6970422,2021-12-30T00:15:44.012+00:00,Live Fire,Ranked:Oddball,0,Eagle,blue,84,1,Cobra,red,97,The Eco Smith,Human,1,491.688,Win,2,1,33,1605,1,0,0,11,14,3,-2,0.785714286,0,0,6,4,0,380,226,59.47,3929,4518,0,0,0,0,0,3,,,,,,,,,,,,,0,00:25.1,1,0,00:35.1,33
3,491.6970422,2021-12-30T00:15:44.012+00:00,Live Fire,Ranked:Oddball,0,Eagle,blue,84,1,Cobra,red,97,Snipedown4965,Human,0,491.688,Loss,5,1,44,1620,0,1,0,10,15,6,-3,0.666666667,0,1,8,0,0,201,135,67.16,2868,3821,0,0,0,0,0,3,,,,,,,,,,,,,0,00:08.2,0,1,00:50.4,44
3,491.6970422,2021-12-30T00:15:44.012+00:00,Live Fire,Ranked:Oddball,0,Eagle,blue,84,1,Cobra,red,97,Bound,Human,0,483.2865649,DidNotFinish,8,1,15,2130,0,0,0,13,15,14,2,0.866666667,0,1,9,1,0,356,203,57.02,4562,4179,0,0,0,0,0,3,,,,,,,,,,,,,0,00:06.5,0,0,0:00:18,15
3,491.6970422,2021-12-30T00:15:44.012+00:00,Live Fire,Ranked:Oddball,0,Eagle,blue,84,1,Cobra,red,97,Pznguin,Human,1,491.688,Win,1,1,38,1225,1,0,0,8,15,4,-6,0.533333333,0,0,6,2,0,257,132,51.36,2460,3952,0,0,0,0,0,2,,,,,,,,,,,,,0,00:07.1,1,1,0:00:46,38
2,747.3158034,2021-12-30T00:05:55.27+00:00,Aquarius,Ranked:CTF,0,Eagle,blue,1,1,Cobra,red,3,Falcated,Human,0,747.297,Loss,6,1,0,3075,0,1,0,24,18,11,9,1.333333333,0,1,21,1,0,649,393,60.55,6699,6139,0,0,0,0,0,8,,1,0,0,3,0,0,0,1,0,0,00:01.4,,,,,,
2,747.3158034,2021-12-30T00:05:55.27+00:00,Aquarius,Ranked:CTF,0,Eagle,blue,1,1,Cobra,red,3,StelluR,Human,1,747.297,Win,4,1,0,2900,1,0,0,23,23,10,3,1,0,1,14,4,0,655,382,58.32,6560,6340,0,0,0,0,0,5,,0,0,1,0,0,3,0,0,0,0,0:00:00,,,,,,
2,747.3158034,2021-12-30T00:05:55.27+00:00,Aquarius,Ranked:CTF,0,Eagle,blue,1,1,Cobra,red,3,bubu dubu,Human,0,747.297,Loss,6,1,0,2490,0,1,0,20,23,7,-1,0.869565217,0,1,11,7,0,488,265,54.3,5171,7255,1,0,0,0,0,3,,0,0,1,14,0,0,9,3,0,0,00:18.4,,,,,,
2,747.3158034,2021-12-30T00:05:55.27+00:00,Aquarius,Ranked:CTF,0,Eagle,blue,1,1,Cobra,red,3,Renegade JW,Human,1,747.297,Win,1,1,1,3935,1,0,0,30,20,9,13,1.5,0,0,26,3,0,550,358,65.09,7308,6007,0,0,0,0,0,7,,1,1,0,5,1,0,3,3,0,0,00:08.6,,,,,,
2,747.3158034,2021-12-30T00:05:55.27+00:00,Aquarius,Ranked:CTF,0,Eagle,blue,1,1,Cobra,red,3,The Eco Smith,Human,1,747.297,Win,1,1,1,3025,1,0,0,20,23,13,1,0.869565217,0,2,12,5,0,689,413,59.94,7108,6290,0,0,0,0,0,3,,0,1,0,5,0,0,3,3,0,0,00:12.6,,,,,,
2,747.3158034,2021-12-30T00:05:55.27+00:00,Aquarius,Ranked:CTF,0,Eagle,blue,1,1,Cobra,red,3,Snipedown4965,Human,0,747.297,Loss,6,1,0,2635,0,1,0,21,23,9,1,0.913043478,0,1,16,4,0,554,357,64.44,6645,6820,0,0,0,0,0,4,,0,0,1,2,1,0,2,2,0,0,0:00:02,,,,,,
2,747.3158034,2021-12-30T00:05:55.27+00:00,Aquarius,Ranked:CTF,0,Eagle,blue,1,1,Cobra,red,3,Bound,Human,0,747.297,Loss,5,1,1,2860,0,1,0,20,27,11,-4,0.740740741,0,0,15,3,0,532,319,59.96,5517,6939,0,0,0,0,0,3,,0,1,0,14,0,0,1,0,0,0,00:05.4,,,,,,
2,747.3158034,2021-12-30T00:05:55.27+00:00,Aquarius,Ranked:CTF,0,Eagle,blue,1,1,Cobra,red,3,Pznguin,Human,1,747.297,Win,1,1,1,2875,1,0,0,18,19,12,3,0.947368421,0,0,13,4,0,507,318,62.72,5976,5595,0,0,0,0,0,3,,1,1,0,26,1,1,6,2,0,0,00:08.2,,,,,,
1,478.8384727,2021-12-29T23:48:01.192+00:00,Recharge,Ranked:Slayer,0,Eagle,blue,50,1,Cobra,red,48,Falcated,Human,0,478.828,Win,4,1,8,900,1,0,0,8,10,2,-2,0.8,0,0,5,0,3,198,116,58.58,2515,2917,0,0,0,0,0,4,,,,,,,,,,,,,,,,,,
1,478.8384727,2021-12-29T23:48:01.192+00:00,Recharge,Ranked:Slayer,0,Eagle,blue,50,1,Cobra,red,48,StelluR,Human,1,478.828,Loss,8,1,5,800,0,1,0,5,13,6,-6,0.384615385,0,0,2,2,0,325,167,51.38,2715,3869,0,0,0,0,0,2,,,,,,,,,,,,,,,,,,
1,478.8384727,2021-12-29T23:48:01.192+00:00,Recharge,Ranked:Slayer,0,Eagle,blue,50,1,Cobra,red,48,bubu dubu,Human,0,478.828,Win,3,1,11,1500,1,0,0,11,12,8,1,0.916666667,0,2,6,1,1,351,231,65.81,4655,3615,0,0,0,0,0,2,,,,,,,,,,,,,,,,,,
1,478.8384727,2021-12-29T23:48:01.192+00:00,Recharge,Ranked:Slayer,0,Eagle,blue,50,1,Cobra,red,48,Renegade JW,Human,1,478.828,Loss,5,1,18,2200,0,1,0,18,13,8,7,1.384615385,0,3,9,2,2,295,196,66.44,4592,4327,0,0,0,0,0,4,,,,,,,,,,,,,,,,,,
1,478.8384727,2021-12-29T23:48:01.192+00:00,Recharge,Ranked:Slayer,0,Eagle,blue,50,1,Cobra,red,48,The Eco Smith,Human,1,478.828,Loss,7,1,10,1450,0,1,0,10,13,9,0,0.769230769,0,0,8,2,0,375,197,52.53,3754,4013,0,0,0,0,0,3,,,,,,,,,,,,,,,,,,
1,478.8384727,2021-12-29T23:48:01.192+00:00,Recharge,Ranked:Slayer,0,Eagle,blue,50,1,Cobra,red,48,Snipedown4965,Human,0,478.828,Win,2,1,14,1600,1,0,0,14,12,4,3,1.166666667,0,1,10,1,2,261,150,57.47,4073,4039,0,0,0,0,0,4,,,,,,,,,,,,,,,,,,
1,478.8384727,2021-12-29T23:48:01.192+00:00,Recharge,Ranked:Slayer,0,Eagle,blue,50,1,Cobra,red,48,Bound,Human,0,478.828,Win,1,1,17,1900,1,0,0,17,14,4,4,1.214285714,0,0,13,3,0,337,204,60.53,4045,4080,0,0,0,0,0,3,,,,,,,,,,,,,,,,,,
1,478.8384727,2021-12-29T23:48:01.192+00:00,Recharge,Ranked:Slayer,0,Eagle,blue,50,1,Cobra,red,48,Pznguin,Human,1,478.828,Loss,6,1,15,1600,0,1,0,15,11,2,4,1.363636364,0,2,8,4,0,251,146,58.16,3312,3332,0,0,0,0,0,5,,,,,,,,,,,,,,,,,,
0,721.6586453,2021-12-29T23:37:18.053+00:00,Streets,Ranked:Strongholds,0,Eagle,blue,179,1,Cobra,red,250,Falcated,Human,0,721.61,Loss,5,1,0,2500,0,1,0,18,21,4,-2,0.857142857,0,0,11,6,0,525,303,57.71,6053,6451,0,0,0,0,0,2,,,,,,,,,,,,,,,,,,
0,721.6586453,2021-12-29T23:37:18.053+00:00,Streets,Ranked:Strongholds,0,Eagle,blue,179,1,Cobra,red,250,StelluR,Human,1,721.61,Win,1,1,0,3000,1,0,0,23,21,6,4,1.095238095,0,1,14,3,2,447,268,59.95,6757,5906,0,0,0,0,0,4,,,,,,,,,,,,,,,,,,
0,721.6586453,2021-12-29T23:37:18.053+00:00,Streets,Ranked:Strongholds,0,Eagle,blue,179,1,Cobra,red,250,bubu dubu,Human,0,721.61,Loss,5,1,0,2675,0,1,0,19,23,7,-2,0.826086957,0,3,14,0,1,539,329,61.03,5693,6636,0,0,0,0,0,3,,,,,,,,,,,,,,,,,,
0,721.6586453,2021-12-29T23:37:18.053+00:00,Streets,Ranked:Strongholds,0,Eagle,blue,179,1,Cobra,red,250,Renegade JW,Human,1,721.61,Win,1,1,0,3100,1,0,0,19,17,18,8,1.117647059,0,2,12,3,0,515,335,65.04,6724,5799,0,0,0,0,0,4,,,,,,,,,,,,,,,,,,
0,721.6586453,2021-12-29T23:37:18.053+00:00,Streets,Ranked:Strongholds,0,Eagle,blue,179,1,Cobra,red,250,The Eco Smith,Human,1,721.61,Win,1,1,0,3750,1,0,0,28,18,12,14,1.555555556,0,1,21,1,2,636,380,59.74,7293,6595,0,0,0,0,0,5,,,,,,,,,,,,,,,,,,
0,721.6586453,2021-12-29T23:37:18.053+00:00,Streets,Ranked:Strongholds,0,Eagle,blue,179,1,Cobra,red,250,Snipedown4965,Human,0,721.61,Loss,5,1,0,2925,0,1,0,22,25,9,0,0.88,0,1,14,3,2,467,319,68.3,6846,7137,0,0,0,0,0,4,,,,,,,,,,,,,,,,,,
0,721.6586453,2021-12-29T23:37:18.053+00:00,Streets,Ranked:Strongholds,0,Eagle,blue,179,1,Cobra,red,250,Bound,Human,0,721.61,Loss,5,1,0,2425,0,1,0,18,25,7,-5,0.72,0,1,13,3,0,447,264,59.06,5451,6568,0,0,0,0,0,3,,,,,,,,,,,,,,,,,,
0,721.6586453,2021-12-29T23:37:18.053+00:00,Streets,Ranked:Strongholds,0,Eagle,blue,179,1,Cobra,red,250,Pznguin,Human,1,721.61,Win,1,1,0,3250,1,0,0,24,21,10,6,1.142857143,0,1,16,5,1,573,314,54.79,5721,6109,0,0,0,0,0,4,,,,,,,,,,,,,,,,,,
